n_legs,legs,hit_prob,payout_mult,kernel_mult,payout_mult_eff,ev_mult,atlas_power_mult,pricing_engine,avg_p,avg_fragility,slip_key,pen_team,pen_family,pen_frag,pen_total,role_ctx_bonus,role_ctx_on_legs,role_ctx_on_share,score_adj,players,rank_ev,beam_selected,leg_1,leg_2,leg_3,leg_4,leg_5,q_leg_count,q_players
5,Ryan Kalkbrenner OVER REB 2.5 (GOBLIN) [id:10644583] | Jaime Jaquez OVER PTS 9.5 (GOBLIN) [id:10644499] | Jordan Goodwin OVER PTS 4.5 (GOBLIN) [id:10652150] | Tristan Silva UNDER PTS 10.5 (STANDARD) [id:10645979] | Bam Adebayo UNDER PTS 20.5 (STANDARD) [id:10643796],0.04570137771111313,20.0,0.49844806843819645,9.968961368763928,0.4555952689013756,20.0,pp_kernel,0.5413626185411993,0.02787239414010222,Ryan Kalkbrenner OVER REB 2.5 (GOBLIN) [id:10644583] | Jaime Jaquez OVER PTS 9.5 (GOBLIN) [id:10644499] | Jordan Goodwin OVER PTS 4.5 (GOBLIN) [id:10652150] | Tristan Silva UNDER PTS 10.5 (STANDARD) [id:10645979] | Bam Adebayo UNDER PTS 20.5 (STANDARD) [id:10643796],0.0,0.0,0.0,0.0,0.0,0,0.0,0.4555952689013756,"['ryan kalkbrenner', 'jaime jaquez', 'jordan goodwin', 'tristan silva', 'bam adebayo']",0.4555952689013756,1,Ryan Kalkbrenner OVER REB 2.5 (GOBLIN) [id:10644583],Jaime Jaquez OVER PTS 9.5 (GOBLIN) [id:10644499],Jordan Goodwin OVER PTS 4.5 (GOBLIN) [id:10652150],Tristan Silva UNDER PTS 10.5 (STANDARD) [id:10645979],Bam Adebayo UNDER PTS 20.5 (STANDARD) [id:10643796],0,
5,Royce O'Neale OVER PTS 5.5 (GOBLIN) [id:10652227] | Collin Gillespie OVER PTS 8.5 (GOBLIN) [id:10650223] | Ryan Kalkbrenner OVER REB 2.5 (GOBLIN) [id:10644583] | Norman Powell UNDER PR 25 (STANDARD) [id:10644082] | Tristan Silva UNDER PTS 10.5 (STANDARD) [id:10645979],0.041789230972960376,20.0,0.5136522424092331,10.273044848184663,0.4293026439563695,20.0,pp_kernel,0.5321008616069894,0.031066822603621598,Royce O'Neale OVER PTS 5.5 (GOBLIN) [id:10652227] | Collin Gillespie OVER PTS 8.5 (GOBLIN) [id:10650223] | Ryan Kalkbrenner OVER REB 2.5 (GOBLIN) [id:10644583] | Norman Powell UNDER PR 25 (STANDARD) [id:10644082] | Tristan Silva UNDER PTS 10.5 (STANDARD) [id:10645979],0.0,0.0,0.0,0.0,0.0,0,0.0,0.4293026439563695,"[""royce o'neale"", 'collin gillespie', 'ryan kalkbrenner', 'norman powell', 'tristan silva']",0.4293026439563695,1,Royce O'Neale OVER PTS 5.5 (GOBLIN) [id:10652227],Collin Gillespie OVER PTS 8.5 (GOBLIN) [id:10650223],Ryan Kalkbrenner OVER REB 2.5 (GOBLIN) [id:10644583],Norman Powell UNDER PR 25 (STANDARD) [id:10644082],Tristan Silva UNDER PTS 10.5 (STANDARD) [id:10645979],0,
5,Jaylon Tyson OVER PTS 5.5 (GOBLIN) [id:10652642] | Royce O'Neale OVER PTS 4.5 (GOBLIN) [id:10652155] | Collin Gillespie OVER PR 11.5 (GOBLIN) [id:10652478] | Tristan Silva UNDER PR 16.5 (STANDARD) [id:10646713] | Ayo Dosunmu UNDER PA 20.5 (STANDARD) [id:10649101],0.0432888796358152,20.0,0.5112782735360107,10.225565470720214,0.4426532728701554,20.0,pp_kernel,0.5349986251202371,0.04398246941416704,Jaylon Tyson OVER PTS 5.5 (GOBLIN) [id:10652642] | Royce O'Neale OVER PTS 4.5 (GOBLIN) [id:10652155] | Collin Gillespie OVER PR 11.5 (GOBLIN) [id:10652478] | Tristan Silva UNDER PR 16.5 (STANDARD) [id:10646713] | Ayo Dosunmu UNDER PA 20.5 (STANDARD) [id:10649101],0.0,0.0,0.0,0.0,0.0,0,0.0,0.4426532728701554,"['jaylon tyson', ""royce o'neale"", 'collin gillespie', 'tristan silva', 'ayo dosunmu']",0.4426532728701554,1,Jaylon Tyson OVER PTS 5.5 (GOBLIN) [id:10652642],Royce O'Neale OVER PTS 4.5 (GOBLIN) [id:10652155],Collin Gillespie OVER PR 11.5 (GOBLIN) [id:10652478],Tristan Silva UNDER PR 16.5 (STANDARD) [id:10646713],Ayo Dosunmu UNDER PA 20.5 (STANDARD) [id:10649101],0,
5,Davion Mitchell OVER AST 3.5 (GOBLIN) [id:10643873] | Coby White OVER PRA 14.5 (GOBLIN) [id:10653364] | Ryan Kalkbrenner OVER PR 7.5 (GOBLIN) [id:10650594] | Tristan Silva UNDER PTS 10.5 (STANDARD) [id:10645979] | Oso Ighodaro UNDER RA 8 (STANDARD) [id:10649482],0.04219276546465793,20.0,0.5121140706185596,10.242281412371192,0.43215017745520307,20.0,pp_kernel,0.5330520762593036,0.03816619435349391,Davion Mitchell OVER AST 3.5 (GOBLIN) [id:10643873] | Coby White OVER PRA 14.5 (GOBLIN) [id:10653364] | Ryan Kalkbrenner OVER PR 7.5 (GOBLIN) [id:10650594] | Tristan Silva UNDER PTS 10.5 (STANDARD) [id:10645979] | Oso Ighodaro UNDER RA 8 (STANDARD) [id:10649482],0.0,0.0,0.0,0.0,0.0,0,0.0,0.43215017745520307,"['davion mitchell', 'coby white', 'ryan kalkbrenner', 'tristan silva', 'oso ighodaro']",0.43215017745520307,1,Davion Mitchell OVER AST 3.5 (GOBLIN) [id:10643873],Coby White OVER PRA 14.5 (GOBLIN) [id:10653364],Ryan Kalkbrenner OVER PR 7.5 (GOBLIN) [id:10650594],Tristan Silva UNDER PTS 10.5 (STANDARD) [id:10645979],Oso Ighodaro UNDER RA 8 (STANDARD) [id:10649482],0,
5,Brandon Miller OVER PTS 14.5 (GOBLIN) [id:10643826] | Coby White OVER PRA 14.5 (GOBLIN) [id:10653364] | Jaime Jaquez OVER PTS 9.5 (GOBLIN) [id:10644499] | Oso Ighodaro UNDER PRA 15.5 (STANDARD) [id:10649472] | Tristan Silva UNDER PRA 17.5 (STANDARD) [id:10648741],0.04101012090027693,20.0,0.5219482949195403,10.438965898390807,0.428103253566875,20.0,pp_kernel,0.5293081417227381,0.034354349821299215,Brandon Miller OVER PTS 14.5 (GOBLIN) [id:10643826] | Coby White OVER PRA 14.5 (GOBLIN) [id:10653364] | Jaime Jaquez OVER PTS 9.5 (GOBLIN) [id:10644499] | Oso Ighodaro UNDER PRA 15.5 (STANDARD) [id:10649472] | Tristan Silva UNDER PRA 17.5 (STANDARD) [id:10648741],0.0,0.0,0.0,0.0,0.0,0,0.0,0.428103253566875,"['brandon miller', 'coby white', 'jaime jaquez', 'oso ighodaro', 'tristan silva']",0.428103253566875,1,Brandon Miller OVER PTS 14.5 (GOBLIN) [id:10643826],Coby White OVER PRA 14.5 (GOBLIN) [id:10653364],Jaime Jaquez OVER PTS 9.5 (GOBLIN) [id:10644499],Oso Ighodaro UNDER PRA 15.5 (STANDARD) [id:10649472],Tristan Silva UNDER PRA 17.5 (STANDARD) [id:10648741],0,
5,Jaylon Tyson OVER PTS 5.5 (GOBLIN) [id:10652642] | Davion Mitchell OVER PTS 4.5 (GOBLIN) [id:10643884] | Jordan Goodwin OVER PTS 4.5 (GOBLIN) [id:10652150] | LaMelo Ball UNDER PTS 20.5 (STANDARD) [id:10643999] | Bam Adebayo UNDER PA 24.5 (STANDARD) [id:10643798],0.03832801750259138,20.0,0.5568999059684343,11.137998119368685,0.42689738686299283,20.0,pp_kernel,0.5211030202544086,0.038414031988094864,Jaylon Tyson OVER PTS 5.5 (GOBLIN) [id:10652642] | Davion Mitchell OVER PTS 4.5 (GOBLIN) [id:10643884] | Jordan Goodwin OVER PTS 4.5 (GOBLIN) [id:10652150] | LaMelo Ball UNDER PTS 20.5 (STANDARD) [id:10643999] | Bam Adebayo UNDER PA 24.5 (STANDARD) [id:10643798],0.0,0.0,0.0,0.0,0.0,0,0.0,0.42689738686299283,"['jaylon tyson', 'davion mitchell', 'jordan goodwin', 'lamelo ball', 'bam adebayo']",0.42689738686299283,1,Jaylon Tyson OVER PTS 5.5 (GOBLIN) [id:10652642],Davion Mitchell OVER PTS 4.5 (GOBLIN) [id:10643884],Jordan Goodwin OVER PTS 4.5 (GOBLIN) [id:10652150],LaMelo Ball UNDER PTS 20.5 (STANDARD) [id:10643999],Bam Adebayo UNDER PA 24.5 (STANDARD) [id:10643798],0,
5,Royce O'Neale OVER PTS 4.5 (GOBLIN) [id:10652155] | Davion Mitchell OVER PA 9.5 (GOBLIN) [id:10644482] | Jaime Jaquez OVER PTS 9.5 (GOBLIN) [id:10644499] | Tyler Herro UNDER REB 5 (STANDARD) [id:10651046] | Ayo Dosunmu UNDER PTS 15.5 (STANDARD) [id:10649095],0.03834849358214264,20.0,0.5547970179283622,11.095940358567244,0.4255125976283534,20.0,pp_kernel,0.5212068310577121,0.033399299361949665,Royce O'Neale OVER PTS 4.5 (GOBLIN) [id:10652155] | Davion Mitchell OVER PA 9.5 (GOBLIN) [id:10644482] | Jaime Jaquez OVER PTS 9.5 (GOBLIN) [id:10644499] | Tyler Herro UNDER REB 5 (STANDARD) [id:10651046] | Ayo Dosunmu UNDER PTS 15.5 (STANDARD) [id:10649095],0.0,0.0,0.0,0.0,0.0,0,0.0,0.4255125976283534,"[""royce o'neale"", 'davion mitchell', 'jaime jaquez', 'tyler herro', 'ayo dosunmu']",0.4255125976283534,1,Royce O'Neale OVER PTS 4.5 (GOBLIN) [id:10652155],Davion Mitchell OVER PA 9.5 (GOBLIN) [id:10644482],Jaime Jaquez OVER PTS 9.5 (GOBLIN) [id:10644499],Tyler Herro UNDER REB 5 (STANDARD) [id:10651046],Ayo Dosunmu UNDER PTS 15.5 (STANDARD) [id:10649095],0,
5,Jaime Jaquez OVER PTS 9.5 (GOBLIN) [id:10644499] | Collin Gillespie OVER PA 11.5 (GOBLIN) [id:10652475] | Ryan Kalkbrenner OVER PTS 3.5 (GOBLIN) [id:10655497] | Moussa Diabaté UNDER PTS 8.5 (STANDARD) [id:10644053] | Coby White UNDER REB 2.5 (STANDARD) [id:10643860],0.038246424834619375,20.0,0.5540757142593249,11.081514285186497,0.4238283031621462,20.0,pp_kernel,0.5209807140441196,0.033794874041087816,Jaime Jaquez OVER PTS 9.5 (GOBLIN) [id:10644499] | Collin Gillespie OVER PA 11.5 (GOBLIN) [id:10652475] | Ryan Kalkbrenner OVER PTS 3.5 (GOBLIN) [id:10655497] | Moussa Diabaté UNDER PTS 8.5 (STANDARD) [id:10644053] | Coby White UNDER REB 2.5 (STANDARD) [id:10643860],0.0,0.0,0.0,0.0,0.0,0,0.0,0.4238283031621462,"['jaime jaquez', 'collin gillespie', 'ryan kalkbrenner', 'moussa diabaté', 'coby white']",0.4238283031621462,1,Jaime Jaquez OVER PTS 9.5 (GOBLIN) [id:10644499],Collin Gillespie OVER PA 11.5 (GOBLIN) [id:10652475],Ryan Kalkbrenner OVER PTS 3.5 (GOBLIN) [id:10655497],Moussa Diabaté UNDER PTS 8.5 (STANDARD) [id:10644053],Coby White UNDER REB 2.5 (STANDARD) [id:10643860],0,
5,Coby White OVER PR 11.5 (GOBLIN) [id:10653363] | Davion Mitchell OVER PA 9.5 (GOBLIN) [id:10644482] | Ryan Kalkbrenner OVER REB 2.5 (GOBLIN) [id:10644583] | Cameron Payne UNDER PTS 10 (STANDARD) [id:10647560] | Rudy Gobert UNDER PR 24.5 (STANDARD) [id:10652339],0.03828481811000713,20.0,0.5535193221541402,11.070386443082805,0.42382773138091395,20.0,pp_kernel,0.5211312363720164,0.03864120561886594,Coby White OVER PR 11.5 (GOBLIN) [id:10653363] | Davion Mitchell OVER PA 9.5 (GOBLIN) [id:10644482] | Ryan Kalkbrenner OVER REB 2.5 (GOBLIN) [id:10644583] | Cameron Payne UNDER PTS 10 (STANDARD) [id:10647560] | Rudy Gobert UNDER PR 24.5 (STANDARD) [id:10652339],0.0,0.0,0.0,0.0,0.0,0,0.0,0.42382773138091395,"['coby white', 'davion mitchell', 'ryan kalkbrenner', 'cameron payne', 'rudy gobert']",0.42382773138091395,1,Coby White OVER PR 11.5 (GOBLIN) [id:10653363],Davion Mitchell OVER PA 9.5 (GOBLIN) [id:10644482],Ryan Kalkbrenner OVER REB 2.5 (GOBLIN) [id:10644583],Cameron Payne UNDER PTS 10 (STANDARD) [id:10647560],Rudy Gobert UNDER PR 24.5 (STANDARD) [id:10652339],0,
5,Jordan Goodwin OVER PTS 4.5 (GOBLIN) [id:10652150] | Davion Mitchell OVER PA 9.5 (GOBLIN) [id:10644482] | James Harden OVER PTS 14.5 (GOBLIN) [id:10645152] | Nique Clifford UNDER PA 15.5 (STANDARD) [id:10651773] | Jalen Green UNDER PRA 29.5 (STANDARD) [id:10649341],0.0380364682319325,20.0,0.5527805647932044,11.055611295864088,0.42051640783972843,20.0,pp_kernel,0.5206580515498109,0.044395172030691175,Jordan Goodwin OVER PTS 4.5 (GOBLIN) [id:10652150] | Davion Mitchell OVER PA 9.5 (GOBLIN) [id:10644482] | James Harden OVER PTS 14.5 (GOBLIN) [id:10645152] | Nique Clifford UNDER PA 15.5 (STANDARD) [id:10651773] | Jalen Green UNDER PRA 29.5 (STANDARD) [id:10649341],0.0,0.0,0.0,0.0,0.0,0,0.0,0.42051640783972843,"['jordan goodwin', 'davion mitchell', 'james harden', 'nique clifford', 'jalen green']",0.42051640783972843,1,Jordan Goodwin OVER PTS 4.5 (GOBLIN) [id:10652150],Davion Mitchell OVER PA 9.5 (GOBLIN) [id:10644482],James Harden OVER PTS 14.5 (GOBLIN) [id:10645152],Nique Clifford UNDER PA 15.5 (STANDARD) [id:10651773],Jalen Green UNDER PRA 29.5 (STANDARD) [id:10649341],0,
5,Jaime Jaquez OVER PTS 9.5 (GOBLIN) [id:10644499] | Royce O'Neale OVER PTS 4.5 (GOBLIN) [id:10652155] | Collin Gillespie OVER REB 2.5 (GOBLIN) [id:10649155] | Pelle Larsson UNDER AST 3.5 (STANDARD) [id:10650476] | Grant Williams UNDER PTS 6.5 (STANDARD) [id:10643908],0.0370765055057246,20.0,0.5628170809478499,11.256341618956998,0.4173458120095761,20.0,pp_kernel,0.5178819481248178,0.02826354085993029,Jaime Jaquez OVER PTS 9.5 (GOBLIN) [id:10644499] | Royce O'Neale OVER PTS 4.5 (GOBLIN) [id:10652155] | Collin Gillespie OVER REB 2.5 (GOBLIN) [id:10649155] | Pelle Larsson UNDER AST 3.5 (STANDARD) [id:10650476] | Grant Williams UNDER PTS 6.5 (STANDARD) [id:10643908],0.0,0.0,0.0,0.0,0.0,0,0.0,0.4173458120095761,"['jaime jaquez', ""royce o'neale"", 'collin gillespie', 'pelle larsson', 'grant williams']",0.4173458120095761,1,Jaime Jaquez OVER PTS 9.5 (GOBLIN) [id:10644499],Royce O'Neale OVER PTS 4.5 (GOBLIN) [id:10652155],Collin Gillespie OVER REB 2.5 (GOBLIN) [id:10649155],Pelle Larsson UNDER AST 3.5 (STANDARD) [id:10650476],Grant Williams UNDER PTS 6.5 (STANDARD) [id:10643908],0,
5,LaMelo Ball OVER PTS 14.5 (GOBLIN) [id:10644000] | Jordan Goodwin OVER PTS 4.5 (GOBLIN) [id:10652150] | Coby White OVER PA 11.5 (GOBLIN) [id:10653362] | Tyler Herro UNDER PA 25.5 (STANDARD) [id:10644161] | Jalen Green UNDER PRA 29.5 (STANDARD) [id:10649341],0.037606697704602635,20.0,0.5510070073239798,11.020140146479596,0.41443107915101357,20.0,pp_kernel,0.5196321346496976,0.036819896046550414,LaMelo Ball OVER PTS 14.5 (GOBLIN) [id:10644000] | Jordan Goodwin OVER PTS 4.5 (GOBLIN) [id:10652150] | Coby White OVER PA 11.5 (GOBLIN) [id:10653362] | Tyler Herro UNDER PA 25.5 (STANDARD) [id:10644161] | Jalen Green UNDER PRA 29.5 (STANDARD) [id:10649341],0.0,0.0,0.0,0.0,0.0,0,0.0,0.41443107915101357,"['lamelo ball', 'jordan goodwin', 'coby white', 'tyler herro', 'jalen green']",0.41443107915101357,1,LaMelo Ball OVER PTS 14.5 (GOBLIN) [id:10644000],Jordan Goodwin OVER PTS 4.5 (GOBLIN) [id:10652150],Coby White OVER PA 11.5 (GOBLIN) [id:10653362],Tyler Herro UNDER PA 25.5 (STANDARD) [id:10644161],Jalen Green UNDER PRA 29.5 (STANDARD) [id:10649341],0,
5,Grayson Allen OVER REB 1.5 (GOBLIN) [id:10649768] | Collin Gillespie OVER PTS 8.5 (GOBLIN) [id:10650223] | Royce O'Neale OVER PTS 4.5 (GOBLIN) [id:10652155] | Pelle Larsson UNDER PA 15.5 (STANDARD) [id:10644111] | Justin Edwards UNDER PTS 12.5 (STANDARD) [id:10647161],0.03639998424083412,20.0,0.5584336025576434,11.168672051152868,0.4065394866530089,20.0,pp_kernel,0.5160379902132732,0.030832258479100455,Grayson Allen OVER REB 1.5 (GOBLIN) [id:10649768] | Collin Gillespie OVER PTS 8.5 (GOBLIN) [id:10650223] | Royce O'Neale OVER PTS 4.5 (GOBLIN) [id:10652155] | Pelle Larsson UNDER PA 15.5 (STANDARD) [id:10644111] | Justin Edwards UNDER PTS 12.5 (STANDARD) [id:10647161],0.0,0.0,0.0,0.0,0.0,0,0.0,0.4065394866530089,"['grayson allen', 'collin gillespie', ""royce o'neale"", 'pelle larsson', 'justin edwards']",0.4065394866530089,1,Grayson Allen OVER REB 1.5 (GOBLIN) [id:10649768],Collin Gillespie OVER PTS 8.5 (GOBLIN) [id:10650223],Royce O'Neale OVER PTS 4.5 (GOBLIN) [id:10652155],Pelle Larsson UNDER PA 15.5 (STANDARD) [id:10644111],Justin Edwards UNDER PTS 12.5 (STANDARD) [id:10647161],0,
5,Naz Reid OVER REB 4.5 (GOBLIN) [id:10652124] | Jaylon Tyson OVER AST 0.5 (GOBLIN) [id:10653216] | Jordan Goodwin OVER PTS 4.5 (GOBLIN) [id:10652150] | Julius Randle UNDER PTS 22.5 (STANDARD) [id:10649378] | Jalen Green UNDER PR 26.5 (STANDARD) [id:10649340],0.03738502977462434,20.0,0.5369031015870686,10.738062031741372,0.4014427687784143,20.0,pp_kernel,0.5193643426503506,0.03830587924991635,Naz Reid OVER REB 4.5 (GOBLIN) [id:10652124] | Jaylon Tyson OVER AST 0.5 (GOBLIN) [id:10653216] | Jordan Goodwin OVER PTS 4.5 (GOBLIN) [id:10652150] | Julius Randle UNDER PTS 22.5 (STANDARD) [id:10649378] | Jalen Green UNDER PR 26.5 (STANDARD) [id:10649340],0.0,0.0,0.0,0.0,0.0,0,0.0,0.4014427687784143,"['naz reid', 'jaylon tyson', 'jordan goodwin', 'julius randle', 'jalen green']",0.4014427687784143,1,Naz Reid OVER REB 4.5 (GOBLIN) [id:10652124],Jaylon Tyson OVER AST 0.5 (GOBLIN) [id:10653216],Jordan Goodwin OVER PTS 4.5 (GOBLIN) [id:10652150],Julius Randle UNDER PTS 22.5 (STANDARD) [id:10649378],Jalen Green UNDER PR 26.5 (STANDARD) [id:10649340],0,
5,Grant Williams OVER PA 4.5 (GOBLIN) [id:10644493] | James Harden OVER AST 5.5 (GOBLIN) [id:10645143] | Jaylon Tyson OVER PTS 5.5 (GOBLIN) [id:10652642] | Oso Ighodaro UNDER PR 12.5 (STANDARD) [id:10649471] | Julius Randle UNDER PRA 34.5 (STANDARD) [id:10649386],0.03399602433629861,20.0,0.5738386950847469,11.476773901694939,0.39016468486421785,20.0,pp_kernel,0.5088306748909768,0.05093108959580189,Grant Williams OVER PA 4.5 (GOBLIN) [id:10644493] | James Harden OVER AST 5.5 (GOBLIN) [id:10645143] | Jaylon Tyson OVER PTS 5.5 (GOBLIN) [id:10652642] | Oso Ighodaro UNDER PR 12.5 (STANDARD) [id:10649471] | Julius Randle UNDER PRA 34.5 (STANDARD) [id:10649386],0.0,0.0,0.0,0.0,0.0,0,0.0,0.39016468486421785,"['grant williams', 'james harden', 'jaylon tyson', 'oso ighodaro', 'julius randle']",0.39016468486421785,1,Grant Williams OVER PA 4.5 (GOBLIN) [id:10644493],James Harden OVER AST 5.5 (GOBLIN) [id:10645143],Jaylon Tyson OVER PTS 5.5 (GOBLIN) [id:10652642],Oso Ighodaro UNDER PR 12.5 (STANDARD) [id:10649471],Julius Randle UNDER PRA 34.5 (STANDARD) [id:10649386],0,
5,Miles Bridges OVER AST 1.5 (GOBLIN) [id:10645630] | Kon Knueppel OVER PTS 14.5 (GOBLIN) [id:10643967] | Jaylon Tyson OVER PTS 5.5 (GOBLIN) [id:10652642] | Tyler Herro UNDER PR 27 (STANDARD) [id:10644162] | Naz Reid UNDER PRA 24.5 (STANDARD) [id:10649430],0.03393516031470608,20.0,0.5717882934043398,11.435765868086795,0.3880745480549693,20.0,pp_kernel,0.5086924104576503,0.03957187781690007,Miles Bridges OVER AST 1.5 (GOBLIN) [id:10645630] | Kon Knueppel OVER PTS 14.5 (GOBLIN) [id:10643967] | Jaylon Tyson OVER PTS 5.5 (GOBLIN) [id:10652642] | Tyler Herro UNDER PR 27 (STANDARD) [id:10644162] | Naz Reid UNDER PRA 24.5 (STANDARD) [id:10649430],0.0,0.0,0.0,0.0,0.0,0,0.0,0.3880745480549693,"['miles bridges', 'kon knueppel', 'jaylon tyson', 'tyler herro', 'naz reid']",0.3880745480549693,1,Miles Bridges OVER AST 1.5 (GOBLIN) [id:10645630],Kon Knueppel OVER PTS 14.5 (GOBLIN) [id:10643967],Jaylon Tyson OVER PTS 5.5 (GOBLIN) [id:10652642],Tyler Herro UNDER PR 27 (STANDARD) [id:10644162],Naz Reid UNDER PRA 24.5 (STANDARD) [id:10649430],0,
5,LaMelo Ball OVER PA 19.5 (GOBLIN) [id:10646873] | Miles Bridges OVER PTS 11.5 (GOBLIN) [id:10644534] | Grayson Allen OVER RA 4.5 (GOBLIN) [id:10652210] | Jaden McDaniels UNDER PTS 15.5 (STANDARD) [id:10649294] | Devin Booker UNDER PTS 27.5 (STANDARD) [id:10649186],0.0353756653042861,20.0,0.5467583835228733,10.935167670457467,0.38683883155635324,20.0,pp_kernel,0.5134493185022088,0.04333517998537165,LaMelo Ball OVER PA 19.5 (GOBLIN) [id:10646873] | Miles Bridges OVER PTS 11.5 (GOBLIN) [id:10644534] | Grayson Allen OVER RA 4.5 (GOBLIN) [id:10652210] | Jaden McDaniels UNDER PTS 15.5 (STANDARD) [id:10649294] | Devin Booker UNDER PTS 27.5 (STANDARD) [id:10649186],0.0,0.0,0.0,0.0,0.0,0,0.0,0.38683883155635324,"['lamelo ball', 'miles bridges', 'grayson allen', 'jaden mcdaniels', 'devin booker']",0.38683883155635324,1,LaMelo Ball OVER PA 19.5 (GOBLIN) [id:10646873],Miles Bridges OVER PTS 11.5 (GOBLIN) [id:10644534],Grayson Allen OVER RA 4.5 (GOBLIN) [id:10652210],Jaden McDaniels UNDER PTS 15.5 (STANDARD) [id:10649294],Devin Booker UNDER PTS 27.5 (STANDARD) [id:10649186],0,
5,Grayson Allen OVER PA 14.5 (GOBLIN) [id:10652204] | Kon Knueppel OVER PTS 14.5 (GOBLIN) [id:10643967] | Tyler Herro OVER PR 19.5 (GOBLIN) [id:10652730] | Jalen Green UNDER PR 26.5 (STANDARD) [id:10649340] | Ayo Dosunmu UNDER REB 3.5 (STANDARD) [id:10652118],0.03643277761800621,20.0,0.5306674266712053,10.613348533424105,0.38667376690063276,20.0,pp_kernel,0.5170259097959339,0.04260411314571003,Grayson Allen OVER PA 14.5 (GOBLIN) [id:10652204] | Kon Knueppel OVER PTS 14.5 (GOBLIN) [id:10643967] | Tyler Herro OVER PR 19.5 (GOBLIN) [id:10652730] | Jalen Green UNDER PR 26.5 (STANDARD) [id:10649340] | Ayo Dosunmu UNDER REB 3.5 (STANDARD) [id:10652118],0.0,0.0,0.0,0.0,0.0,0,0.0,0.38667376690063276,"['grayson allen', 'kon knueppel', 'tyler herro', 'jalen green', 'ayo dosunmu']",0.38667376690063276,1,Grayson Allen OVER PA 14.5 (GOBLIN) [id:10652204],Kon Knueppel OVER PTS 14.5 (GOBLIN) [id:10643967],Tyler Herro OVER PR 19.5 (GOBLIN) [id:10652730],Jalen Green UNDER PR 26.5 (STANDARD) [id:10649340],Ayo Dosunmu UNDER REB 3.5 (STANDARD) [id:10652118],0,
5,Kon Knueppel OVER PTS 14.5 (GOBLIN) [id:10643967] | James Harden OVER PTS 16.5 (GOBLIN) [id:10652299] | Grant Williams OVER RA 3.5 (GOBLIN) [id:10645599] | Tyler Herro UNDER RA 9.5 (STANDARD) [id:10644170] | Moussa Diabaté UNDER PRA 20.5 (STANDARD) [id:10644056],0.03420082728171977,20.0,0.5596004402365181,11.192008804730362,0.38277596006607,20.0,pp_kernel,0.5097336461860678,0.045011017925080214,Kon Knueppel OVER PTS 14.5 (GOBLIN) [id:10643967] | James Harden OVER PTS 16.5 (GOBLIN) [id:10652299] | Grant Williams OVER RA 3.5 (GOBLIN) [id:10645599] | Tyler Herro UNDER RA 9.5 (STANDARD) [id:10644170] | Moussa Diabaté UNDER PRA 20.5 (STANDARD) [id:10644056],0.0,0.0,0.0,0.0,0.0,0,0.0,0.38277596006607,"['kon knueppel', 'james harden', 'grant williams', 'tyler herro', 'moussa diabaté']",0.38277596006607,1,Kon Knueppel OVER PTS 14.5 (GOBLIN) [id:10643967],James Harden OVER PTS 16.5 (GOBLIN) [id:10652299],Grant Williams OVER RA 3.5 (GOBLIN) [id:10645599],Tyler Herro UNDER RA 9.5 (STANDARD) [id:10644170],Moussa Diabaté UNDER PRA 20.5 (STANDARD) [id:10644056],0,
5,Evan Mobley OVER AST 1.5 (GOBLIN) [id:10646752] | Norman Powell OVER PTS 14.5 (GOBLIN) [id:10644080] | Miles Bridges OVER PTS 11.5 (GOBLIN) [id:10644534] | Ayo Dosunmu UNDER PRA 24.5 (STANDARD) [id:10649103] | Thomas Bryant UNDER PTS 6.5 (STANDARD) [id:10653223],0.0342295290840519,20.0,0.5582303539662602,11.164607079325204,0.38215924273377383,20.0,pp_kernel,0.5099868230117836,0.037964606260234825,Evan Mobley OVER AST 1.5 (GOBLIN) [id:10646752] | Norman Powell OVER PTS 14.5 (GOBLIN) [id:10644080] | Miles Bridges OVER PTS 11.5 (GOBLIN) [id:10644534] | Ayo Dosunmu UNDER PRA 24.5 (STANDARD) [id:10649103] | Thomas Bryant UNDER PTS 6.5 (STANDARD) [id:10653223],0.0,0.0,0.0,0.0,0.0,0,0.0,0.38215924273377383,"['evan mobley', 'norman powell', 'miles bridges', 'ayo dosunmu', 'thomas bryant']",0.38215924273377383,1,Evan Mobley OVER AST 1.5 (GOBLIN) [id:10646752],Norman Powell OVER PTS 14.5 (GOBLIN) [id:10644080],Miles Bridges OVER PTS 11.5 (GOBLIN) [id:10644534],Ayo Dosunmu UNDER PRA 24.5 (STANDARD) [id:10649103],Thomas Bryant UNDER PTS 6.5 (STANDARD) [id:10653223],0,
5,Grant Williams OVER PA 4.5 (GOBLIN) [id:10644493] | Desmond Bane OVER PTS 14.5 (GOBLIN) [id:10645919] | Jaden McDaniels OVER AST 1.5 (GOBLIN) [id:10649284] | Thomas Bryant UNDER PR 11.5 (STANDARD) [id:10645259] | LaMelo Ball UNDER PRA 32.5 (STANDARD) [id:10644003],0.03345838158760956,20.0,0.5709953870285668,11.419907740571336,0.3820916308793319,20.0,pp_kernel,0.507278381074053,0.045418318106945105,Grant Williams OVER PA 4.5 (GOBLIN) [id:10644493] | Desmond Bane OVER PTS 14.5 (GOBLIN) [id:10645919] | Jaden McDaniels OVER AST 1.5 (GOBLIN) [id:10649284] | Thomas Bryant UNDER PR 11.5 (STANDARD) [id:10645259] | LaMelo Ball UNDER PRA 32.5 (STANDARD) [id:10644003],0.0,0.0,0.0,0.0,0.0,0,0.0,0.3820916308793319,"['grant williams', 'desmond bane', 'jaden mcdaniels', 'thomas bryant', 'lamelo ball']",0.3820916308793319,1,Grant Williams OVER PA 4.5 (GOBLIN) [id:10644493],Desmond Bane OVER PTS 14.5 (GOBLIN) [id:10645919],Jaden McDaniels OVER AST 1.5 (GOBLIN) [id:10649284],Thomas Bryant UNDER PR 11.5 (STANDARD) [id:10645259],LaMelo Ball UNDER PRA 32.5 (STANDARD) [id:10644003],0,
5,Norman Powell OVER PTS 14.5 (GOBLIN) [id:10644080] | Kon Knueppel OVER PTS 14.5 (GOBLIN) [id:10643967] | Jaden McDaniels OVER REB 2.5 (GOBLIN) [id:10654866] | Grayson Allen UNDER AST 3.5 (STANDARD) [id:10649257] | Justin Edwards UNDER PA 15.5 (STANDARD) [id:10647162],0.03402946280916657,20.0,0.5607318311205174,11.214636622410348,0.3816280598606303,20.0,pp_kernel,0.5094295911620593,0.030338448817091808,Norman Powell OVER PTS 14.5 (GOBLIN) [id:10644080] | Kon Knueppel OVER PTS 14.5 (GOBLIN) [id:10643967] | Jaden McDaniels OVER REB 2.5 (GOBLIN) [id:10654866] | Grayson Allen UNDER AST 3.5 (STANDARD) [id:10649257] | Justin Edwards UNDER PA 15.5 (STANDARD) [id:10647162],0.0,0.0,0.0,0.0,0.0,0,0.0,0.3816280598606303,"['norman powell', 'kon knueppel', 'jaden mcdaniels', 'grayson allen', 'justin edwards']",0.3816280598606303,1,Norman Powell OVER PTS 14.5 (GOBLIN) [id:10644080],Kon Knueppel OVER PTS 14.5 (GOBLIN) [id:10643967],Jaden McDaniels OVER REB 2.5 (GOBLIN) [id:10654866],Grayson Allen UNDER AST 3.5 (STANDARD) [id:10649257],Justin Edwards UNDER PA 15.5 (STANDARD) [id:10647162],0,
5,James Harden OVER PTS 14.5 (GOBLIN) [id:10645152] | Ryan Rollins OVER PTS 11.5 (GOBLIN) [id:10649716] | Kon Knueppel OVER PR 19.5 (GOBLIN) [id:10644514] | Jalen Green UNDER PA 24.5 (STANDARD) [id:10649339] | Precious Achiuwa UNDER REB 8.5 (STANDARD) [id:10650777],0.03429725266143013,20.0,0.5547199483773315,11.094398967546631,0.38050740451665643,20.0,pp_kernel,0.510399733416856,0.055556042472442904,James Harden OVER PTS 14.5 (GOBLIN) [id:10645152] | Ryan Rollins OVER PTS 11.5 (GOBLIN) [id:10649716] | Kon Knueppel OVER PR 19.5 (GOBLIN) [id:10644514] | Jalen Green UNDER PA 24.5 (STANDARD) [id:10649339] | Precious Achiuwa UNDER REB 8.5 (STANDARD) [id:10650777],0.0,0.0,0.0,0.0,0.0,0,0.0,0.38050740451665643,"['james harden', 'ryan rollins', 'kon knueppel', 'jalen green', 'precious achiuwa']",0.38050740451665643,1,James Harden OVER PTS 14.5 (GOBLIN) [id:10645152],Ryan Rollins OVER PTS 11.5 (GOBLIN) [id:10649716],Kon Knueppel OVER PR 19.5 (GOBLIN) [id:10644514],Jalen Green UNDER PA 24.5 (STANDARD) [id:10649339],Precious Achiuwa UNDER REB 8.5 (STANDARD) [id:10650777],0,
5,Grant Williams OVER RA 3.5 (GOBLIN) [id:10645599] | Miles Bridges OVER PTS 11.5 (GOBLIN) [id:10644534] | Desmond Bane OVER PTS 14.5 (GOBLIN) [id:10645919] | Trendon Watford UNDER PTS 8.5 (STANDARD) [id:10648231] | Quentin Grimes UNDER PTS 20.5 (STANDARD) [id:10644625],0.03430155756560953,20.0,0.553796818821251,11.07593637642502,0.3799218692089714,20.0,pp_kernel,0.5102783328479101,0.046210827486367324,Grant Williams OVER RA 3.5 (GOBLIN) [id:10645599] | Miles Bridges OVER PTS 11.5 (GOBLIN) [id:10644534] | Desmond Bane OVER PTS 14.5 (GOBLIN) [id:10645919] | Trendon Watford UNDER PTS 8.5 (STANDARD) [id:10648231] | Quentin Grimes UNDER PTS 20.5 (STANDARD) [id:10644625],0.0,0.0,0.0,0.0,0.0,0,0.0,0.3799218692089714,"['grant williams', 'miles bridges', 'desmond bane', 'trendon watford', 'quentin grimes']",0.3799218692089714,1,Grant Williams OVER RA 3.5 (GOBLIN) [id:10645599],Miles Bridges OVER PTS 11.5 (GOBLIN) [id:10644534],Desmond Bane OVER PTS 14.5 (GOBLIN) [id:10645919],Trendon Watford UNDER PTS 8.5 (STANDARD) [id:10648231],Quentin Grimes UNDER PTS 20.5 (STANDARD) [id:10644625],0,
5,LaMelo Ball OVER PA 19.5 (GOBLIN) [id:10646873] | James Harden OVER PTS 14.5 (GOBLIN) [id:10645152] | Bam Adebayo OVER REB 7.5 (GOBLIN) [id:10644454] | Devin Booker UNDER PR 31.5 (STANDARD) [id:10649192] | Rudy Gobert UNDER REB 11.5 (STANDARD) [id:10649561],0.03261200986530395,20.0,0.578990868338403,11.57981736676806,0.37764111820345797,20.0,pp_kernel,0.5047623262886958,0.04477097348378889,LaMelo Ball OVER PA 19.5 (GOBLIN) [id:10646873] | James Harden OVER PTS 14.5 (GOBLIN) [id:10645152] | Bam Adebayo OVER REB 7.5 (GOBLIN) [id:10644454] | Devin Booker UNDER PR 31.5 (STANDARD) [id:10649192] | Rudy Gobert UNDER REB 11.5 (STANDARD) [id:10649561],0.0,0.0,0.0,0.0,0.0,0,0.0,0.37764111820345797,"['lamelo ball', 'james harden', 'bam adebayo', 'devin booker', 'rudy gobert']",0.37764111820345797,1,LaMelo Ball OVER PA 19.5 (GOBLIN) [id:10646873],James Harden OVER PTS 14.5 (GOBLIN) [id:10645152],Bam Adebayo OVER REB 7.5 (GOBLIN) [id:10644454],Devin Booker UNDER PR 31.5 (STANDARD) [id:10649192],Rudy Gobert UNDER REB 11.5 (STANDARD) [id:10649561],0,
